id,word,phonetic
0,しりとり,シリトリ
1,モントルー・ジャズ・フェスティバル,モントルージヤズフエステイバル
2,ブリーヴィオ,ブリーブイオ
3,リニャーノ・フラミーニオ,リニヤーノフラミーニオ
4,トレプッツィ,トレプツツイ
5,モル質量,モルシツリヨウ
6,オニトキ,オニトキ
7,どどめ色,ドドメイロ
8,スヴェタ・トロイツァ・ウ・スロヴェンスキフ・ゴリツァフ,スブエタトロイツアウスロブエンスキフゴリツアフ
9,山田三方,ヤマダサンポウ
10,トッレグロッタ,トツレグロツタ
11,モンテ・ヴィドーン・コンバッテ,モンテブイドーンコンバツテ
12,スピノプス,スピノプス
13,ギュミュシュハーネ,ギユミユシユハーネ
14,笹子トンネル,ササゴトンネル
15,ヴィッララーゴ,ブイツララーゴ
16,能登谷,ノトヤ
17,副食,フクシヨク
18,永明,エイメイ
19,シルウァーヌス,シルウアーヌス
20,藤原兼綱,フジワラノカネツナ
21,マイネル,マイネル
22,イワヒゲ,イワヒゲ
23,バートパーラ,バートパーラ
24,呉質,ゴシツ
25,マッラレ,マツラレ
26,祖師野八幡宮,ソシノハチマングウ
27,梅安天満宮,ウメヤステンマングウバイアンテンマングウ
28,味生,ミノウ
29,テングノムギメシ,テングノムギメシ
30,シッカート,シツカート
31,セレブロシド,セレブロシド
32,不気味の谷現象,ブキミノタニゲンシヨウ
33,学校,ガツコウ
34,富豪層,フゴウソウ
35,平等,ビヨウドウ
36,ディケンズ,デイケンズ
37,絵本小夜時雨,エホンサヨシグレ
38,ブロンニツィ,ブロンニツイ
39,泰山区,タイサンク
40,カントンクサガメ,カントンクサガメ
41,量子統計力学,リヨウシトウケイリキガク
42,トルマン・オッペンハイマー・ヴォルコフ限界,トルマンオツペンハイマーブオルコフゲンカイ
43,オルネー＝スー＝ボワ,オルネースーボワ
44,ノーヴィ・ディ・モーデナ,ノーブイデイモーデナ
45,モーション・フィードバック,モーシヨンフイードバツク
46,戸沢,トザワ
47,ロッカヴィオーネ,ロツカブイオーネ
48,伊月,イツキ
49,古瀬,フルセ
50,勝沼信友,カツヌマノブトモ
51,アンフィスバエナ,アンフイスバエナ
52,マルコス,マルコス
53,ミルツァーノ,ミルツアーノ
54,量子情報,リヨウシジヨウホウ
55,神納,ジンノウ
56,楢山,ナラヤマ
57,カステル・サン・ニッコロ,カステルサンニツコロ
58,カンデーラ,カンデーラ
59,ヌクレオカプシド,ヌクレオカプシド
60,上田憲定,ウエダノリサダ
61,田ノ上,タノウエ
62,クロイチゴ,クロイチゴ
63,クィントゥス・カエキリウス・メテッルス・クレティクス,クイントウスカエキリウスメテツルスクレテイクス
64,シチメンチョウ,シチメンチヨウ
65,アフィヨンカラヒサール,アフイヨンカラヒサール
66,ハシグロボウシインコ,ハシグロボウシインコ
67,カルミニャーノ,カルミニヤーノ
68,相馬野馬追,ソウマノマオイ
69,太田資家,オオタスケイエ
70,岩切城,イワキリジヨウ
71,サンタ・マリネッラ,サンタマリネツラ
72,プラテッラ,プラテツラ
73,スクーバダイビング,スクーバダイビング
74,カイロス,カイロス
75,ガリア,ガリア
76,隅田,スミタ
77,メディナ,メデイナ
78,脚韻詩,キヤクインシ
79,農薬中毒,ノウヤクチユウドク
80,琴平山,コンピラヤマ
81,ヘルビヒ,ヘルビヒ
82,ドミチェッラ,ドミチエツラ
83,パイロテクニクス,パイロテクニクス
84,グアルニエリ,グアルニエリ
85,チャッキラコ,チヤツキラコ
86,二渡,フタワタリ
87,ジエチルエーテル,ジエチルエーテル
88,宮生,ミヤオ
89,サン・レオナルド・イン・パッシーリア,サンレオナルドインパツシーリア
90,ヴァクリ,ブアクリ
91,バベシア症,バベシアシヨウ
92,春化,シユンカ
93,ダイオウマツ,ダイオウマツ
94,小槻大社,オツキタイシヤ
95,宇喜多春家,ウキタハルイエ
96,景定,カゲサダ
97,ウロコフウチョウ,ウロコフウチヨウ
98,ポアンカレ予想,ポアンカレヨソウ
99,アッビアテグラッソ,アツビアテグラツソ
100,サクラソウ,サクラソウ
101,小代焼,シヨウダイヤキ
102,サン・ピエトロ・イン・ラーマ,サンピエトロインラーマ
103,コアッツォーロ,コアツツオーロ
104,上庄,カミシヨウ
105,物類称呼,ブツルイシヨウコ
106,イヴァーノ＝フラチェーナ,イブアーノフラチエーナ
107,通議,ツウギ
108,アークトゥルス,アークトウルス
109,レッドランズ,レツドランズ
110,ブルチャーゴ,ブルチヤーゴ
111,クビワツグミ,クビワツグミ
112,アウグストゥフ,アウグストウフ
113,藤原弘蔭,フジワラノヒロカゲ
114,レナード,レナード
115,古家,フルヤ
116,柱本,ハシラモト
117,アテコミ,アテコミ
118,ヴァレーラ・フラッタ,ブアレーラフラツタ
119,ファレルナ,フアレルナ
120,サント・ステーファノ・イン・アスプロモンテ,サントステーフアノインアスプロモンテ
121,善兵衛栗,ゼンベエグリ
122,コローニャ・ヴェーネタ,コローニヤブエーネタ
123,クラヴィエーレ,クラブイエーレ
124,ナミキソウ,ナミキソウ
125,ヒサウチソウ,ヒサウチソウ
126,有向集合,ユウコウシユウゴウ
127,赤方偏移,セキホウヘンイ
128,電照菊,デンシヨウギク
129,自然銅,シゼンドウ
130,アインシュタインテンソル,アインシユタインテンソル
131,半対称グラフ,ハンタイシヨウグラフ
132,パリ条約,パリジヨウヤク
133,トナディーコ,トナデイーコ
134,イースト,イースト
135,パッティ,パツテイ
136,熱容量,ネツヨウリヨウ
137,ケイ酸カリウム,ケイサンカリウム
138,新垣未希,アラガキミキ
139,明石,アカシ
140,イワイチョウ,イワイチヨウ
141,器楽,キガク
142,紀南麻呂,キノミナミマロ
143,宮ノ越宿,ミヤノコシジユク
144,ベニキジ,ベニキジ
145,ミーチャム,ミーチヤム
146,川口,カワグチ
147,岡村天満宮,オカムラテンマングウ
148,メロエ,メロエ
149,ライデッケリナ,ライデツケリナ
150,ハリギリ,ハリギリ
151,ヒスチジンキナーゼ,ヒスチジンキナーゼ
152,ズアオカモメ,ズアオカモメ
153,トリメチルアルミニウム,トリメチルアルミニウム
154,冠岳,カンムリダケ
155,カレンダスコ,カレンダスコ
156,分目,ワンメ
157,ザック,ザツク
158,ポポワ,ポポワ
159,石巻康敬,イシマキヤスマサ
160,圧縮力,アツシユクリヨク
161,ミロエストロール,ミロエストロール
162,セーディコ,セーデイコ
163,中丸子,ナカマルコ
164,ヒメウズラ,ヒメウズラ
165,アダパザル,アダパザル
166,ホルムイミノトランスフェラーゼシクロデアミナーゼ,ホルムイミノトランスフエラーゼシクロデアミナーゼ
167,美奈子,ミナコ
168,三度栗,サンドグリ
169,性成熟,セイセイジユク
170,オッペアーノ,オツペアーノ
171,高エネルギーレーザー科学,コウエネルギーレーザーカガク
172,デイノテリウム,デイノテリウム
173,ガンバッシ・テルメ,ガンバツシテルメ
174,時間厳守,ジカンゲンシユ
175,山城国分寺跡,ヤマシロコクブンジアト
176,マルクス・アントニウス・クレティクス,マルクスアントニウスクレテイクス
177,順序組,ジユンジヨグミ
178,パテルノ・カーラブロ,パテルノカーラブロ
179,岡重,オカシゲ
180,センダングサ,センダングサ
181,バディーア・カラヴェーナ,バデイーアカラブエーナ
182,バイカツツジ,バイカツツジ
183,オニシオガマ,オニシオガマ
184,無機エレクトロルミネッセンス,ムキエレクトロルミネツセンス
185,チャーマラージャナガル,チヤーマラージヤナガル
186,橘奈良麻呂,タチバナノナラマロ
187,骨膜,コツマク
188,貯蔵タンパク質,チヨゾウタンパクシツ
189,ルゼルネッタ,ルゼルネツタ
190,モルテーノ,モルテーノ
191,スッポンタケ,スツポンタケ
192,ロボノート,ロボノート
193,ボケ,ボケ
194,点対称,テンタイシヨウ
195,明法道,ミヨウボウドウ
196,高御堂,タカミドウ
197,枠,ワク
198,ベルフォード・ロッショ,ベルフオードロツシヨ
199,ベイシティ,ベイシテイ
200,フォルトゥナーゴ,フオルトウナーゴ
201,バンシュ,バンシユ
202,スネルの法則,スネルノホウソク
203,オルトゥエーリ,オルトウエーリ
204,島津忠康,シマズタダヤス
205,ペゴニャーガ,ペゴニヤーガ
206,バリトラ,バリトラ
207,胚盤胞,ハイバンホウ
208,均衡集合,キンコウシユウゴウ
209,ベルナップ,ベルナツプ
210,変分原理,ヘンブンゲンリ
211,ピエトラペルツィーア,ピエトラペルツイーア
212,ロックスプリングス,ロツクスプリングス
213,黒作り,クロズクリ
214,シニフィアンとシニフィエ,シニフイアントシニフイエ
215,ルゼルナ・サン・ジョヴァンニ,ルゼルナサンジヨブアンニ
216,ポアンカレ＝バーコフの定理,ポアンカレバーコフノテイリ
217,サンショウバラ,サンシヨウバラ
218,セッラマッツォーニ,セツラマツツオーニ
219,アジドモルヒネ,アジドモルヒネ
220,南華,ナンカ
221,モンテフィオーレ・コンカ,モンテフイオーレコンカ
222,トゥリアサウルス,トウリアサウルス
223,興野,オキノ
224,ビショフスハイム,ビシヨフスハイム
225,岩貞,イワサダ
226,チャペック,チヤペツク
227,素数階乗,ソスウカイジヨウ
228,日影,ヒカゲ
229,全日本学生囲碁連盟,ゼンニホンガクセイイゴレンメイ
230,グラディアトリア,グラデイアトリア
231,リューデリッツ,リユーデリツツ
232,イヌコリヤナギ,イヌコリヤナギ
233,遼州,リヨウシユウ
234,オーガスタス,オーガスタス
235,ザナック,ザナツク
236,生坂,イクサカ
237,チンベルゴ,チンベルゴ
238,チニゼッロ・バルサモ,チニゼツロバルサモ
239,チュウゴクモクズガニ,チユウゴクモクズガニ
240,単独者,タンドクシヤ
241,セスティーナ,セステイーナ
242,マンドリュー＝ラ＝ナプール,マンドリユーラナプール
243,アヴィリアーナ,アブイリアーナ
244,リチリアーノ,リチリアーノ
245,ヌルラト,ヌルラト
246,近似アルゴリズム,キンジアルゴリズム
247,県庁所在地,ケンチヨウシヨザイチ
248,ギュウシンリ,ギユウシンリ
249,ゲルダ,ゲルダ
250,口取り菓子,クチトリガシ
251,軽油,ケイユ
252,グラントルト,グラントルト
253,藤原宗永,フジワラノムネナガ
254,等差数列,トウサスウレツ
255,楠根,クスネ
256,メタ,メタ
257,シノリガモ,シノリガモ
258,ロナルド,ロナルド
259,オオトラツグミ,オオトラツグミ
260,シリフケ,シリフケ
261,キャッツアイ効果,キヤツツアイコウカ
262,マズッラス,マズツラス
263,米飛脚,コメビキヤク
264,シリコーンハイドロゲル,シリコーンハイドロゲル
265,藤原忠輔,フジワラノタダスケ
266,ホレンバッハ,ホレンバツハ
267,ラケシス,ラケシス
268,ビルマメダマガメ,ビルマメダマガメ
269,稲戸井,イナトイ
270,藤原菅根,フジワラノスガネ
271,トラソルテオトル,トラソルテオトル
272,隔離,カクリ
273,イイデリンドウ,イイデリンドウ
274,クロイワトカゲモドキ,クロイワトカゲモドキ
275,日高トンネル,ヒダカトンネル
276,ホロディーシチェ,ホロデイーシチエ
277,磁鉄鉱,ジテツコウ
278,土橋重治,ツチバシシゲハル
279,アンティーコリ・コッラード,アンテイーコリコツラード
280,札幌焼,サツポロヤキ
281,松葉山天満宮,マツバヤマテンマングウ
282,俸禄,ホウロク
283,クプファーベルク,クプフアーベルク
284,イトリ,イトリ
285,ミーニョ,ミーニヨ
286,マンビジ,マンビジ
287,かぶら寿司,カブラズシ
288,藤原真永,フジワラノマナガ
289,太初元将,タイシヨゲンシヨウ
290,オキシゲナーゼ,オキシゲナーゼ
291,ルリミゾカクシ,ルリミゾカクシ
292,堀割,ホリワリ
293,ナンバンコマツナギ,ナンバンコマツナギ
294,留守居,ルスイ
295,激坂,ゲキザカ
296,恵美須ヶ鼻造船所跡,エビスガハナゾウセンジヨアト
297,テンペル,テンペル
298,刈谷城,カリヤジヨウ
299,輪状種,リンジヨウシユ
300,ポルト・エンペードクレ,ポルトエンペードクレ
301,キャス,キヤス
302,ネオニコチノイド,ネオニコチノイド
303,トッレ・カイエターニ,トツレカイエターニ
304,内部観測,ナイブカンソク
305,ミレーナ,ミレーナ
306,パラフィラリア,パラフイラリア
307,ベイズ因子,ベイズインシ
308,フィボナッチ多項式,フイボナツチタコウシキ
309,真帆,マホ
310,萱沼,カヤヌマ
311,ウンベルト,ウンベルト
312,ファリリアーノ,フアリリアーノ
313,クージョ,クージヨ
314,源顕通,ミナモトノアキミチ
315,均田制,キンデンセイ
316,クアローナ,クアローナ
317,シェイク,シエイク
318,大井荘,オオイノシヨウ
319,トリプトファニルアミノペプチダーゼ,トリプトフアニルアミノペプチダーゼ
320,藤原隆光,フジワラノタカミツ
321,スケトウダラ,スケトウダラ
322,笹口,ササグチ
323,閉路,ヘイロ
324,ダミアーノ,ダミアーノ
325,カラフトムシクイ,カラフトムシクイ
326,大堀相馬焼,オオボリソウマヤキ
327,土毛,ドモウ
328,貫,ヌキ
329,ボーデヴィヒ,ボーデブイヒ
330,クローデル,クローデル
331,武定,ブテイ
332,サンタ・カテリーナ・デッロ・イオーニオ,サンタカテリーナデツロイオーニオ
333,源経房,ミナモトノツネフサ
334,さくら広場,サクラヒロバ
335,オステッラート,オステツラート
336,ケイロレピス,ケイロレピス
337,ワダンノキ,ワダンノキ
338,ハマナデシコ,ハマナデシコ
339,ヴァルヴァ,ブアルブア
340,藤原範兼,フジワラノノリカネ
341,対応,タイオウ
342,ダス,ダス
343,切削工具材質,セツサクコウグザイシツ
344,クロハサミアジサシ,クロハサミアジサシ
345,瀬名氏貞,セナウジサダ
346,黄道傾斜角,コウドウケイシヤカク
347,松岡,マツオカ
348,マネス,マネス
349,キューバズツキガエル,キユーバズツキガエル
350,ネガティブ・ケイパビリティ,ネガテイブケイパビリテイ
351,古座川の一枚岩,コザガワノイチマイイワ
352,どまんなか,ドマンナカ
353,横須賀,ヨコスカ
354,上党,ジヨウトウ
355,ロウバイ,ロウバイ
356,ライムギ,ライムギ
357,アンテケーラ,アンテケーラ
358,錦織,ニシキオリ
359,多良,タラ
360,オマーン土侯国,オマーンドコウコク
361,佐波興連,サワオキツラ
362,ペルオキソ二硫酸テトラアンミン銅,ペルオキソニリユウサンテトラアンミンドウ
363,毒草を食べてみた,ドクソウオタベテミタ
364,ウィットロック,ウイツトロツク
365,藤原鷹取,フジワラノタカトリ
366,ポボス,ポボス
367,チェッラ・ダーティ,チエツラダーテイ
368,セマウル運動,セマウルウンドウ
369,ギロ,ギロ
370,群書類従,グンシヨルイジユウ
371,苅屋,カリヤ
372,タラーノ,タラーノ
373,マモイアーダ,マモイアーダ
374,経営者支配,ケイエイシヤシハイ
375,乾封,ケンフウ
376,エレシュキガル,エレシユキガル
377,祖師野,ソシノ
378,ヴィッラマル,ブイツラマル
379,橘永名,タチバナノナガナ
380,カステルグイドーネ,カステルグイドーネ
381,クヒオ,クヒオ
382,化成,カセイ
383,吉利,ヨシトシ
384,メネラウスの定理,メネラウスノテイリ
385,荒神岳,コウジンダケ
386,コーシーの積分定理,コーシーノセキブンテイリ
387,有界函数,ユウカイカンスウ
388,多目元忠,タメモトタダ
389,カモノハシ,カモノハシ
390,ガドーニ,ガドーニ
391,尾高山,オタカヤマ
392,混合ガス,コンゴウガス
393,ポルト・ヴィーロ,ポルトブイーロ
394,ブロッホ球,ブロツホキユウ
395,ブール,ブール
396,ラマッカ,ラマツカ
397,剰余の定理,ジヨウヨノテイリ
398,バロス,バロス
399,津軽鉱,ツガルコウ
400,ハタケニラ,ハタケニラ
401,ゲンズブール,ゲンズブール
402,マイラーゴ,マイラーゴ
403,アリオト,アリオト
404,クージオ,クージオ
405,知恵の樹,チエノキ
406,センナ・ロディジャーナ,センナロデイジヤーナ
407,コウシンソウ,コウシンソウ
408,ガオ,ガオ
409,オナガドリ,オナガドリ
410,ロアッツォーロ,ロアツツオーロ
411,セイヨウフキ,セイヨウフキ
412,意味ネットワーク,イミネツトワーク
413,大江公景,オオエノキンカゲ
414,ガンバテーザ,ガンバテーザ
415,マイクロピペット,マイクロピペツト
416,スプレジアーノ,スプレジアーノ
417,スペングラーヤマガメ,スペングラーヤマガメ
418,高滝,タカダキ
419,カンポフェリーチェ・ディ・フィターリア,カンポフエリーチエデイフイターリア
420,椿山荘,チンザンソウ
421,栃内,トチナイ
422,ストリ,ストリ
423,大中,オオナカ
424,ファルネソール,フアルネソール
425,ラカンカ,ラカンカ
426,オガタマノキ,オガタマノキ
427,ヴィルヘルムスタール,ブイルヘルムスタール
428,イオナーディ,イオナーデイ
429,ソリエーラ,ソリエーラ
430,杉元相,スギモトスケ
431,吉部の大岩郷,キベノオオイワゴウ
432,美山,ミヤマ
433,チェネゼッリ,チエネゼツリ
434,閑吟集,カンギンシユウ
435,ドーズ,ドーズ
436,誘導心筋細胞,ユウドウシンキンサイボウ
437,アイズヒメアザミ,アイズヒメアザミ
438,ヴェスティニェ,ブエステイニエ
439,マネジメント・バイアウト,マネジメントバイアウト
440,ヴィッラチードロ,ブイツラチードロ
441,マラチ,マラチ
442,奏事不実,ソウジフジツ
443,相良,サガラ
444,バスティーリア,バステイーリア
445,トレッビアーノ,トレツビアーノ
446,新河岸,シンガシ
447,ガーデナ,ガーデナ
448,桂離宮,カツラリキユウ
449,ゴビケラトプス,ゴビケラトプス
450,ザヒーラーバード,ザヒーラーバード
451,墨俣宿,スノマタジユク
452,レケナウルティア,レケナウルテイア
453,ブロムベルク,ブロムベルク
454,トッレ・デ・パッセリ,トツレデパツセリ
455,コガネメキシコインコ,コガネメキシコインコ
456,ギョウチュウ,ギヨウチユウ
457,サン・ソッシオ・バロニーア,サンソツシオバロニーア
458,減衰,ゲンスイ
459,連続的埋め込み,レンゾクテキウメコミ
460,サカグチムラサキシジミ,サカグチムラサキシジミ
461,七略,シチリヤク
462,真田信倍,サナダノブマス
463,酸化イットリウム,サンカイツトリウム
464,小田,オダ
465,官稲混合,カントウコンゴウ
466,ペデモンテ,ペデモンテ
467,定常波,テイジヨウハ
468,昔,ムカシ
469,六条八幡神社,ロクジヨウハチマンジンジヤ
470,基準振動,キジユンシンドウ
471,柏崎,カシワザキ
472,端懿,ズイイ
473,鹿児島,カゴシマ
474,フォトルミネセンス,フオトルミネセンス
475,モンテ・ヴィドーン・コッラード,モンテブイドーンコツラード
476,嶺東,レイトウ
477,上尾,アゲオ
478,二重再帰法,ニジユウサイキホウ
479,エゾマツ,エゾマツ
480,酒株,サケカブ
481,乾徳,ケントク
482,サンタッボンディオ,サンタツボンデイオ
483,サン・ロレンツェッロ,サンロレンツエツロ
484,プロケラトサウルス,プロケラトサウルス
485,アゴニスト,アゴニスト
486,徳川治貞,トクガワハルサダ
487,大日,ダイニチ
488,御野,オンノ
489,北山杉,キタヤマスギ
490,フランカヴィッラ・アル・マーレ,フランカブイツラアルマーレ
491,キュプス,キユプス
492,グッリェルモ,グツリエルモ
493,レフランコーレ,レフランコーレ
494,景統,ケイトウ
495,クラメールのパラドックス,クラメールノパラドツクス
496,サイバージャヤ,サイバージヤヤ
497,ピムリコ,ピムリコ
498,ブルングル,ブルングル
499,元禄地方直,ゲンロクジカタナオシ
500,八条,ハチジヨウ
501,ビアルモスクス,ビアルモスクス
502,無錫,ムシヤク
503,古町愛宕神社,フルマチアタゴジンジヤ
504,カステッラルフェーロ,カステツラルフエーロ
505,オルーク,オルーク
506,ビーグル号,ビーグルゴウ
507,ブドリオ,ブドリオ
508,マンドローネ,マンドローネ
509,痺れ,シビレ
510,ポッサーニョ,ポツサーニヨ
511,シャックルフォード,シヤツクルフオード
512,新抄格勅符抄,シンシヨウキヤクチヨクフシヨウ
513,セント・キルダ,セントキルダ
514,エスポシト,エスポシト
515,柿田,カキタ
516,藤原興邦,フジワラノオキクニ
517,笏紙,シヤクガミ
518,カチナ谷,カチナタニ
519,地すべり,ジスベリ
520,キームルィ,キームルイ
521,超双曲型方程式,チヨウソウキヨクガタホウテイシキ
522,ラ・カロリナ,ラカロリナ
523,カラーノ,カラーノ
524,十津川の大踊,トツカワノオオオドリ
525,トゥガーリン・ズメエヴィチ,トウガーリンズメエブイチ
526,ヘウムノ,ヘウムノ
527,ペーニャ,ペーニヤ
528,沙田,スナタ
529,ソルタヴァラ,ソルタブアラ
530,タカノハダイ,タカノハダイ
531,アヴェッラ,アブエツラ
532,関係演算子,カンケイエンザンシ
533,藤原村田,フジワラノムラタ
534,弁蓋部,ベンガイブ
535,白坂,シラサカ
536,ミウ,ミウ
537,構成国,コウセイコク
538,ヘイエルダール,ヘイエルダール
539,ルキナ,ルキナ
540,赤芽球,セキガキユウ
541,解由状,ゲユジヨウ
542,カルカッタ,カルカツタ
543,柳森,ヤナギモリ
544,キマユムシクイ,キマユムシクイ
545,チシャノキ,チシヤノキ
546,長太の大楠,ナゴノオオクス
547,平生昌,タイラノナリマサ
548,ダイヤモンドテトラ,ダイヤモンドテトラ
549,トゥルヌ・マグレレ,トウルヌマグレレ
550,カストロ,カストロ
551,パパジーデロ,パパジーデロ
552,マルタウグイ,マルタウグイ
553,テッレス,テツレス
554,マクローディオ,マクローデイオ
555,シェーンブルン・イム・シュタイガーヴァルト,シエーンブルンイムシユタイガーブアルト
556,マッキアゴーデナ,マツキアゴーデナ
557,ハズ,ハズ
558,大目付,オオメツケ
559,接木キメラ,ツギキキメラ
560,源顕基,ミナモトノアキモト
561,チアール,チアール
562,サヨリ,サヨリ
563,ギンゲロール,ギンゲロール
564,ヴァルスターニャ,ブアルスターニヤ
565,藤原済時,フジワラノナリトキ
566,ビラノバ・イ・ラ・ジャルトル,ビラノバイラジヤルトル
567,マイッサーナ,マイツサーナ
568,コドコド,コドコド
569,パヴッロ・ネル・フリニャーノ,パブツロネルフリニヤーノ
570,ピエトラストルニーナ,ピエトラストルニーナ
571,サンショウ,サンシヨウ
572,シナス,シナス
573,ジェホロプテルス,ジエホロプテルス
574,アスコイティア,アスコイテイア
575,モンテジルヴァーノ,モンテジルブアーノ
576,稲垣,イナガキ
577,カッパロケット,カツパロケツト
578,ブルガーコフ,ブルガーコフ
579,ロベリア,ロベリア
580,鶴賀,ツルガ
581,中尾,ナカオ
582,杉元宣,スギモトノブ
583,モンソンの球面学説,モンソンノキユウメンガクセツ
584,富士見,フジミ
585,尾張国,オワリノクニ
586,バウナハ,バウナハ
587,交換機,コウカンキ
588,接束,セツソク
589,ベンゾトリフルオリド,ベンゾトリフルオリド
590,コンゴウインコ,コンゴウインコ
591,ヒロノムス,ヒロノムス
592,ペスカンティーナ,ペスカンテイーナ
593,スキロー培地,スキローバイチ
594,玉名,タマナ
595,若柴宿,ワカシバシユク
596,藤原小黒麻呂,フジワラノオグロマロ
597,アカバナ,アカバナ
598,オズマーテ,オズマーテ
599,ダーナヴァ,ダーナブア
600,早期栽培,ソウキサイバイ
601,サン・ピエトロ・ディ・モルービオ,サンピエトロデイモルービオ
602,リューリカ,リユーリカ
603,イザスカ,イザスカ
604,小堤西池,コズツミニシイケ
605,ホイゼンシュタム,ホイゼンシユタム
606,田尾,タオ
607,シュウダ,シユウダ
608,指数層系列,シスウソウケイレツ
609,藤原輔公,フジワラノスケキミ
610,ウィンタース,ウインタース
611,カマンドーナ,カマンドーナ
612,ヴォラーノ,ブオラーノ
613,チェーヴァ,チエーブア
614,盤山,イワヤマ
615,サンダース島,サンダーストウ
616,コウベイ,コウベイ
617,仮想継承,カソウケイシヨウ
618,ブール＝カン＝ブレス,ブールカンブレス
619,ケルビン・ストークスの定理,ケルビンストークスノテイリ
620,ボッソラスコ,ボツソラスコ
621,ポリモーフィズム,ポリモーフイズム
622,火星のモノリス,カセイノモノリス
623,パトリシア,パトリシア
624,セーベジ,セーベジ
625,クズネツォフ,クズネツオフ
626,ウダ,ウダ
627,異極鉱,イキヨクコウ
628,天涯海角,テンガイカイカク
629,奉書紙,ホウシヨシ
630,ジブチルエーテル,ジブチルエーテル
631,モンテグロッソ・ダスティ,モンテグロツソダステイ
632,ロンコフェッラーロ,ロンコフエツラーロ
633,生物型,セイブツガタ
634,薬指,クスリユビ
635,果皮,カヒ
636,ゼルボ,ゼルボ
637,萩焼,ハギヤキ
638,ヒメハマナデシコ,ヒメハマナデシコ
639,主意主義,シユイシユギ
640,鹿沼土,カヌマツチ
641,萩原神社,ハギワラジンジヤ
642,ジュール,ジユール
643,全称記号,ゼンシヨウキゴウ
644,ムネアカイカル,ムネアカイカル
645,光伝導アンテナ,ヒカリデンドウアンテナ
646,前畑,マエバタ
647,平戸焼,ヒラドヤキ
648,安福,ヤスフク
649,バラマンディ,バラマンデイ
650,化学ポテンシャル,カガクポテンシヤル
651,カルドウェルカタログ,カルドウエルカタログ
652,姫野,ヒメノ
653,馬借,バシヤク
654,ロンガーレ,ロンガーレ
655,エヒード,エヒード
656,ナンブトウウチソウ,ナンブトウウチソウ
657,山角定勝,ヤマカドサダカツ
658,東安区,トウアンク
659,モンテメーゾラ,モンテメーゾラ
660,補数,ホスウ
661,カステル・バロニーア,カステルバロニーア
662,クズ,クズ
663,速度分布関数,ソクドブンプカンスウ
664,イトモロコ,イトモロコ
665,肥前国分寺跡,ヒゼンコクブンジアト
666,ブシク,ブシク
667,メルヒング,メルヒング
668,吉備全継,キビノマタツグ
669,ラセミ化,ラセミカ
670,マハード,マハード
671,コハク酸ナトリウム,コハクサンナトリウム
672,戸隠神社,トガクシジンジヤ
673,ゲーディ,ゲーデイ
674,通信複雑性,ツウシンフクザツセイ
675,橘綿裳,タチバナノワタモ
676,青函連絡船メモリアルシップ八甲田丸,セイカンレンラクセンメモリアルシツプハツコウダマル
677,混同秘策,コンドウヒサク
678,パエザーナ,パエザーナ
679,堀之内,ホリノウチ
680,クルティ,クルテイ
681,ピャーノ・ディ・ソッレント,ピヤーノデイソツレント
682,プラスグレル,プラスグレル
683,小田治孝,オダハルタカ
684,ベルト,ベルト
685,大歩危,オオボケ
686,チョウノスケソウ,チヨウノスケソウ
687,河海抄,カカイシヨウ
688,ジュラマイア,ジユラマイア
689,脊髄神経,セキズイシンケイ
690,ディアーノ・マリーナ,デイアーノマリーナ
691,凧形六十面体,タコガタロクジユウメンタイ
692,ファニング,フアニング
693,マティルド,マテイルド
694,バイスタンダー効果,バイスタンダーコウカ
695,カンタラーナ,カンタラーナ
696,ウッドフォードクイナ,ウツドフオードクイナ
697,ブレナム,ブレナム
698,シュミット,シユミツト
699,ハンスのばか,ハンスノバカ
700,クザーノ・ミラニーノ,クザーノミラニーノ
701,パプ,パプ
702,アーロノヴィチ,アーロノブイチ
703,メッツァーネゴ,メツツアーネゴ
704,南栄,ミナミサカエ
705,ガクルックス,ガクルツクス
706,リーマン曲率テンソル,リーマンキヨクリツテンソル
707,角田,ツノダ
708,ヒュプノス,ヒユプノス
709,コーブ,コーブ
710,クルゾーネ,クルゾーネ
711,パレート分布,パレートブンプ
712,照明植生,シヨウメイシヨクセイ
713,天文シミュレーションソフト,テンモンシミユレーシヨンソフト
714,ライオニウム,ライオニウム
715,シスト,シスト
716,エンドヌクレアーゼ,エンドヌクレアーゼ
717,フィリーネ・ヴァルダルノ,フイリーネブアルダルノ
718,ニンドウバノヤドリギ,ニンドウバノヤドリギ
719,伊敷,イシキ
720,ブレニャーノ,ブレニヤーノ
721,類聚符宣抄,ルイジユウフセンシヨウ
722,チェルヴァスカ,チエルブアスカ
723,渡瀬繁詮,ワタラセシゲアキ
724,玉真公主,ギヨクシンコウシユ
725,南相馬,ミナミソウマ
726,フロイト,フロイト
727,ミッシングリンク,ミツシングリンク
728,ハザーリーバーグ,ハザーリーバーグ
729,ベイピアオサウルス,ベイピアオサウルス
730,郷谷,ゴウヤ
731,ドルシーノ,ドルシーノ
732,ヌヴェール,ヌブエール
733,モンテナルス,モンテナルス
734,ハジロオーストラリアムシクイ,ハジロオーストラリアムシクイ
735,虎丘,トラオカ
736,ひまわり油,ヒマワリユ
737,プラータ・ダンシドーニア,プラータダンシドーニア
738,ヴァルトアシャッフ,ブアルトアシヤツフ
739,西船,ニシフナ
740,ヨアヒム,ヨアヒム
741,北条為昌,ホウジヨウタメマサ
742,伝送損失,デンソウソンシツ
743,大江清通,オオエノキヨミチ
744,アンジャーリ,アンジヤーリ
745,相良武任,サガラタケトウ
746,旧伊藤伝右衛門邸,キユウイトウデンエモンテイ
747,逸見,イツミ
748,パルス振幅変調,パルスシンプクヘンチヨウ
749,ブダイ,ブダイ
750,マレーハコガメ,マレーハコガメ
751,メバル,メバル
752,中枢性疼痛,チユウスウセイトウツウ
753,イリルスカ・ビストリツァ,イリルスカビストリツア
754,アカガオゴジュウカラ,アカガオゴジユウカラ
755,フランカ,フランカ
756,アウレッタ,アウレツタ
757,奈古屋元堯,ナゴヤモトタカ
758,西保,ニシボ
759,婚約数,コンヤクスウ
760,骨端軟骨,コツタンナンコツ
761,コリチューギノ,コリチユーギノ
762,メリケン波止場,メリケンハトバ
763,ピオーネ,ピオーネ
764,丑の刻参り,ウシノトキマイリ
765,守山,モリヤマ
766,ブレイア,ブレイア
767,マーティンの公理,マーテインノコウリ
768,吉野宮,ヨシノノミヤ
769,ロシーニョ,ロシーニヨ
770,石谷政清,イシガヤマサキヨ
771,ししおどし,シシオドシ
772,ユリエスキ,ユリエスキ
773,松田元藤,マツダモトフジ
774,ニホンハナガメ,ニホンハナガメ
775,水ヶ塚,ミズガツカ
776,長津田宿,ナガツタシユク
777,オピストコエリカウディア,オピストコエリカウデイア
778,出雲路,イズモジ
779,バリバール,バリバール
780,マスキート,マスキート
781,垂直応力,スイチヨクオウリヨク
782,エストラーダ,エストラーダ
783,エルチェ,エルチエ
784,パウリ,パウリ
785,長寿,チヨウジユ
786,雍熙,ヨウキ
787,ポマーリコ,ポマーリコ
788,アンティッロ,アンテイツロ
789,アリエンツォ,アリエンツオ
790,金岡,カナオカ
791,硝子軟骨,シヨウシナンコツ
792,ソビブル,ソビブル
793,ヒカゲツツジ,ヒカゲツツジ
794,ベゼンツォーネ,ベゼンツオーネ
795,香西元成,コウザイモトナリ
796,ウェディングブーケ,ウエデイングブーケ
797,牛痘,ギユウトウ
798,イク,イク
799,ハッブル分類,ハツブルブンルイ
800,游楚,ユウソ
801,ゴロホヴェツ,ゴロホブエツ
802,殿中御掟,デンチユウオンオキテ
803,通信路容量,ツウシンロヨウリヨウ
804,モッラ・デ・サンクティス,モツラデサンクテイス
805,ハルチェンコ,ハルチエンコ
806,高度希釈法,コウドキシヤクホウ
807,高橋弘厚,タカハシヒロアツ
808,リーゲルテレスコープ,リーゲルテレスコープ
809,成山,ナルヤマ
810,カンポ・グランデ,カンポグランデ
811,シアーノ,シアーノ
812,川原田,カワハラダ
813,モンフォルテ・ダルバ,モンフオルテダルバ
814,フランコンヴィル,フランコンブイル
815,モッサ,モツサ
816,クエン酸ナトリウム,クエンサンナトリウム
817,遮蔽,シヤヘイ
818,小山田虎満,オヤマダトラミツ
819,汎バビロニア主義,ハンバビロニアシユギ
820,ジャローレ,ジヤローレ
821,サマッツァーイ,サマツツアーイ
822,葉緑素計,ヨウリヨクソケイ
823,ローズニーズ・テリア,ローズニーズテリア
824,波多野宗高,ハタノムネタカ
825,ベルツァーノ・ディ・サン・ピエトロ,ベルツアーノデイサンピエトロ
826,トラーノ・ヌオーヴォ,トラーノヌオーブオ
827,電束密度,デンソクミツド
828,フレンキシュ＝クルムバッハ,フレンキシユクルムバツハ
829,体性神経系,タイセイシンケイケイ
830,不競合阻害,フキヨウゴウソガイ
831,塩素酸カリウム,エンソサンカリウム
832,ブースの乗算アルゴリズム,ブースノジヨウザンアルゴリズム
833,水酸化アルミニウム,スイサンカアルミニウム
834,吸収,キユウシユウ
835,飛岳,トビダケ
836,チェッソレ,チエツソレ
837,ランチョ・ヴァルクーヴィア,ランチヨブアルクーブイア
838,海部,カイフ
839,植木鉢,ウエキバチ
840,ヴランスコ,ブランスコ
841,猫草,ネコグサモシクハストレイキヤツト
842,センボンサイギョウガサ,センボンサイギヨウガサ
843,胚発生,ハイハツセイ
844,北倉,キタクラ
845,ベンゾオキサゾール,ベンゾオキサゾール
846,紹隆,シヨウリユウ
847,ガズリ,ガズリ
848,シュタンス,シユタンス
849,ヴァイオント,ブアイオント
850,フリーダ,フリーダ
851,ヒメシロチチタケ,ヒメシロチチタケ
852,カンムリヤマガメ,カンムリヤマガメ
853,かぐや姫,カグヤヒメ
854,輻輳,フクソウ
855,アウリーゴ,アウリーゴ
856,手野,テノ
857,カンピ・サレンティーナ,カンピサレンテイーナ
858,アマトリーチェ,アマトリーチエ
859,中心つき三角数,チユウシンツキサンカクスウ
860,強磁性,キヨウジセイ
861,北郷忠相,ホンゴウタダスケ
862,グッサンヴィル,グツサンブイル
863,ヒュウガナツ,ヒユウガナツ
864,配向性ストランドボード,ハイコウセイストランドボード
865,シロエリマイコドリ,シロエリマイコドリ
866,産業経営学科,サンギヨウケイエイガツカ
867,東光,トウコウ
868,人里植物,ヒトザトシヨクブツ
869,ボッビオ,ボツビオ
870,量子化,リヨウシカ
871,平均場近似,ヘイキンバキンジ
872,オズマ問題,オズマモンダイ
873,アダモフ,アダモフ
874,ベルギウス法,ベルギウスホウ
875,コバルト・リッチ・クラスト,コバルトリツチクラスト
876,イノンド,イノンド
877,倉岡,クラオカ
878,大村,オオムラ
879,等高線農業,トウコウセンノウギヨウ
880,ロイカーバート,ロイカーバート
881,線スペクトル対,センスペクトルツイ
882,フローレ,フローレ
883,アヤメ,アヤメ
884,信義,シンギ
885,朝鮮鐘,チヨウセンシヨウ
886,高峯,タカミネ
887,マラニーノ,マラニーノ
888,グーデルマン関数,グーデルマンカンスウ
889,東蓮寺,トウレンジ
890,ロンコベッロ,ロンコベツロ
891,朝賀,チヨウガ
892,交番磁界,コウバンジカイ
893,チルダ,チルダ
894,角銀鉱,カクギンコウ
895,ホトトギス,ホトトギス
896,はんだごて,ハンダゴテ
897,貞観政要,ジヨウガンセイヨウ
898,堂島旧記,ドウジマキユウキ
899,ムラサキノジコ,ムラサキノジコ
900,エリオットレイク,エリオツトレイク
901,アタリア,アタリア
902,ミヤコグサ,ミヤコグサ
903,ちゃんちゃん焼き,チヤンチヤンヤキ
904,メイルストロム,メイルストロム
905,ヴァスルイ,ブアスルイ
906,那須,ナス
907,エジソンメダル,エジソンメダル
908,早池峰神楽,ハヤチネカグラ
909,藤原良相,フジワラノヨシミヨシアウ
910,文脈自由言語の反復補題,ブンミヤクジユウゲンゴノハンプクホダイ
911,スクエア・キロメートル・アレイ,スクエアキロメートルアレイ
912,スニジネ,スニジネ
913,町田,マチダ
914,ウェストウッド,ウエストウツド
915,曹彪,ソウヒヨウ
916,テュレンヌ,テユレンヌ
917,ベルベンノ・ディ・ヴァルテッリーナ,ベルベンノデイブアルテツリーナ
918,韓国式自然農法,カンコクシキシゼンノウホウ
919,ヤマドリタケ,ヤマドリタケ
920,モンタボーネ,モンタボーネ
921,亀岡,カメオカ
922,ベロ細胞,ベロサイボウ
923,フィンニング,フインニング
924,ワールブルク効果,ワールブルクコウカ
925,円運動,エンウンドウ
926,パラダイムシフト,パラダイムシフト
927,向井優,ムカイマサル
928,ア・ポンテノーバ,アポンテノーバ
929,バジリアーノ,バジリアーノ
930,シマトネリコ,シマトネリコ
931,ロマネンゴ,ロマネンゴ
932,ロザーテ,ロザーテ
933,ドゥーンガルプル,ドウーンガルプル
934,ミチノクエンゴサク,ミチノクエンゴサク
935,日本聖公会弘前昇天教会教会堂,ニホンセイコウカイヒロサキシヨウテンキヨウカイキヨウカイドウ
936,ルチェ,ルチエ
937,サンス,サンス
938,旧花野井家住宅,キユウハナノイケジユウタク
939,ポーリング,ポーリング
940,五行歌,ゴギヨウカ
941,カトリーナ,カトリーナ
942,バンダレ・シーラーフ,バンダレシーラーフ
943,塩害,エンガイ
944,フェルカド,フエルカド
945,虚飾,キヨシヨク
946,水上布奈山神社,ミズカミフナヤマジンジヤ
947,チェナーディ,チエナーデイ
948,撮像,サツゾウ
949,獅子岩,シシイワ
950,冬の大三角,フユノダイサンカク
951,カローナ,カローナ
952,保健物理学,ホケンブツリガク
953,唾液,ダエキ
954,ポッツォレオーネ,ポツツオレオーネ
955,青堀,アオホリ
956,千谷沢,チヤザワ
957,スティラコサウルス,ステイラコサウルス
958,会津慶山焼,アイズケイザンヤキ
959,ヤブレガサ,ヤブレガサ
960,ヴァプリオ・ダゴーニャ,ブアプリオダゴーニヤ
961,藤原永継,フジワラノナガツグ
962,ゴイシシジミ,ゴイシシジミ
963,ブーゼック,ブーゼツク
964,アガパンサス,アガパンサス
965,天文密奏,テンモンミツソウ
966,ラスティグ,ラステイグ
967,生物ポンプ,セイブツポンプ
968,ジェロナ・グラ,ジエロナグラ
969,ライーノ,ライーノ
970,ビーロリ,ビーロリ
971,ボンゴシ,ボンゴシ
972,都々古別神社の御田植,ツツコワケジンジヤノオタウエ
973,浅川,アサガワ
974,ニシアカアシチョウゲンボウ,ニシアカアシチヨウゲンボウ
975,ヴァルブーザ,ブアルブーザ
976,目名,メナ
977,スタルチェ,スタルチエ
978,塩化ルビジウム,エンカルビジウム
979,岑渓,シンケイ
980,アットクキケトゥス,アツトクキケトウス
981,輸出細動脈,ユシユツサイドウミヤク
982,鴨方,カモガタ
983,モルジェ,モルジエ
984,音響心理学,オンキヨウシンリガク
985,ヴェーレタール,ブエーレタール
986,しずか,シズカ
987,ヒメツチグリ,ヒメツチグリ
988,ゴタルゼス,ゴタルゼス
989,文室水通,フンヤノミオ
990,カニクイザル,カニクイザル
991,シアン酸アンモニウム,シアンサンアンモニウム
992,アミノ酸合成,アミノサンゴウセイ
993,市橋,イチハシ
994,ハシビロコウ,ハシビロコウ
995,アルコサウルス,アルコサウルス
996,ダルウィノプテルス,ダルウイノプテルス
997,プロテアソーム,プロテアソーム
998,高取,タカトリ
999,ジュネーヴ学派,ジユネーブガクハ
